{
    "Layman_Curious": [
        -0.4988783895969391,
        0.8659506440162659,
        0.5216947197914124,
        0.024020252749323845,
        0.10915036499500275,
        0.6310140490531921,
        -0.6731835007667542,
        -0.39286795258522034,
        0.4757292568683624,
        -0.7446122765541077,
        0.3138313293457031,
        0.21875716745853424,
        -0.6253764629364014,
        0.08090335130691528,
        0.11863038688898087,
        -0.27506470680236816,
        0.9816774725914001,
        0.5182211995124817,
        0.4159296452999115,
        -0.20192240178585052,
        0.10680942237377167,
        -0.21022632718086243,
        -0.20405136048793793,
        0.4485211670398712,
        -0.35005515813827515,
        -0.7345132231712341,
        -0.6578797101974487,
        -0.9350823163986206,
        -0.19338466227054596,
        0.9002116322517395,
        0.5845272541046143,
        -0.9559913873672485,
        -0.7192323207855225,
        -0.400996595621109,
        0.2337511032819748,
        -0.6365469098091125,
        0.9810922145843506,
        0.15439006686210632,
        0.6632903814315796,
        0.7449840307235718,
        0.31998127698898315,
        -0.6341415643692017,
        -0.02290574088692665,
        0.2558802664279938,
        0.7936509847640991,
        -0.3844488263130188,
        0.3765609860420227,
        0.8587501645088196,
        0.04252783954143524,
        0.9842742681503296,
        0.5635110139846802,
        -0.7686408162117004,
        0.26357129216194153,
        -0.35199886560440063,
        -0.7442452907562256,
        -0.5265821218490601,
        -0.6722425222396851,
        0.2901492714881897,
        -0.3423570692539215,
        0.9171616435050964,
        0.4763878583908081,
        -0.7398250699043274,
        -0.9727957248687744,
        0.22507770359516144
    ],
    "Medical_Expert": [
        -0.2388632446527481,
        0.1361120045185089,
        0.31102439761161804,
        -0.30064067244529724,
        -0.19396266341209412,
        0.7309311628341675,
        -0.5356563329696655,
        -0.6249091625213623,
        0.5297158360481262,
        -0.8794327974319458,
        0.7085714340209961,
        0.34370020031929016,
        -0.38822975754737854,
        -0.6751164793968201,
        0.5058627128601074,
        -0.7232041954994202,
        0.95780348777771,
        -0.5819132924079895,
        0.37607282400131226,
        0.27350544929504395,
        -0.4245019555091858,
        -0.2477746307849884,
        0.05563650280237198,
        0.6117178201675415,
        -0.3516368865966797,
        -0.6590882539749146,
        -0.4125136137008667,
        -0.9216025471687317,
        -0.2666001319885254,
        0.930327832698822,
        0.08269765973091125,
        -0.9341565370559692,
        -0.6047306060791016,
        -0.45570236444473267,
        -0.08141445368528366,
        -0.6403756141662598,
        0.9431724548339844,
        -0.5290513038635254,
        0.6919584274291992,
        -0.6336607336997986,
        0.3716912865638733,
        -0.31769508123397827,
        0.08318696916103363,
        0.4398571848869324,
        0.5497955679893494,
        -0.6175554990768433,
        0.22790558636188507,
        0.8395684957504272,
        0.7407613396644592,
        0.9632201194763184,
        0.7203558683395386,
        -0.9373478889465332,
        0.021312549710273743,
        -0.5395344495773315,
        -0.12671756744384766,
        -0.9346323013305664,
        -0.5694725513458252,
        -0.39552533626556396,
        -0.45535072684288025,
        0.9749590158462524,
        -0.7319588661193848,
        -0.49279022216796875,
        -0.9732781648635864,
        -0.5846858024597168
    ],
    "Systems_Mathematician": [
        0.7678732872009277,
        0.7545561790466309,
        0.295859694480896,
        0.4064200222492218,
        -0.4600028097629547,
        0.03374801203608513,
        0.015046592801809311,
        -0.8353664875030518,
        0.737843930721283,
        -0.7208133935928345,
        0.3015742003917694,
        0.18702800571918488,
        -0.7500931024551392,
        -0.37219566106796265,
        0.45144131779670715,
        -0.7328213453292847,
        0.9787811040878296,
        -0.7211848497390747,
        0.5979630351066589,
        0.7737098932266235,
        -0.35956764221191406,
        -0.3999272882938385,
        -0.6879615187644958,
        0.593505322933197,
        0.11734192073345184,
        -0.17294380068778992,
        -0.4613765776157379,
        -0.9130090475082397,
        -0.31672537326812744,
        0.9142032861709595,
        0.37674927711486816,
        -0.913715660572052,
        -0.6989789009094238,
        -0.7844117879867554,
        0.16384615004062653,
        -0.5547789931297302,
        0.9557306170463562,
        -0.2000516951084137,
        0.5081910490989685,
        -0.4032161831855774,
        -0.18245011568069458,
        -0.6485214233398438,
        -0.09606090188026428,
        0.2841464877128601,
        0.6162447929382324,
        -0.6032166481018066,
        0.4466475546360016,
        0.7774747610092163,
        0.013675362803041935,
        0.9387370347976685,
        0.5831873416900635,
        -0.7138271331787109,
        0.8290019035339355,
        -0.370044469833374,
        -0.5055273771286011,
        -0.7304238677024841,
        -0.4001619815826416,
        -0.5202808380126953,
        -0.36096304655075073,
        0.9787821769714355,
        -0.03488264977931976,
        0.07857578247785568,
        -0.9843709468841553,
        -0.32197028398513794
    ],
    "Impatient_Frustrated": [
        0.7870297431945801,
        0.9256951212882996,
        0.22363653779029846,
        0.6137996912002563,
        -0.4621585011482239,
        0.47205838561058044,
        -0.6952798366546631,
        -0.6969490051269531,
        0.7475370168685913,
        0.330861359834671,
        0.2010681927204132,
        -0.1644132286310196,
        -0.8261673450469971,
        0.0614873506128788,
        -0.43381109833717346,
        -0.27060219645500183,
        0.9682149291038513,
        -0.4909729063510895,
        0.5682684183120728,
        0.7469719648361206,
        0.17446933686733246,
        -0.37753787636756897,
        0.5575854182243347,
        0.21741145849227905,
        0.3548164665699005,
        -0.4509594440460205,
        -0.5478944182395935,
        -0.8158681988716125,
        0.003746927483007312,
        0.913916826248169,
        0.2461874932050705,
        -0.9842363595962524,
        -0.7502533197402954,
        -0.6356993317604065,
        0.42220866680145264,
        -0.5472577810287476,
        0.9764529466629028,
        0.1216026023030281,
        0.4353412687778473,
        0.3148592412471771,
        0.6670761108398438,
        -0.8225017786026001,
        -0.0006093204137869179,
        0.3122401833534241,
        0.31779709458351135,
        -0.23982952535152435,
        0.41059333086013794,
        0.749886155128479,
        0.6784908771514893,
        0.9513357281684875,
        0.7791886925697327,
        -0.907899796962738,
        0.8960011005401611,
        -0.22937718033790588,
        -0.5633586645126343,
        -0.8582785129547119,
        -0.270248681306839,
        -0.05811199173331261,
        -0.4525647759437561,
        0.9556053280830383,
        0.06794258207082748,
        0.6160417795181274,
        -0.9643025398254395,
        -0.7105825543403625
    ]
}